frame_0.png,-0.509299099445343,0.30888789892196655,0.14401715993881226,0.11134879194186836,0.8779540402534454,-0.1538394254038523,0.4394673832346955
frame_1.png,-0.5089240074157715,0.3085247874259949,0.14396631717681885,0.11206386182791395,0.8777652515904879,-0.15459907904939557,0.4393961523836779
frame_2.png,-0.5090166926383972,0.3083518147468567,0.14443781971931458,0.11204951524869453,0.8776947895360888,-0.15481105292255412,0.4394659263773969
frame_3.png,-0.5093405842781067,0.30807065963745117,0.14427748322486877,0.11205573363563874,0.8777359631679047,-0.15473455564620237,0.4394090449798021
frame_4.png,-0.5085809230804443,0.3082895874977112,0.14418983459472656,0.11229864691351361,0.8777806784682679,-0.1547946310091237,0.4392365155812189
frame_5.png,-0.5079687237739563,0.3087501525878906,0.14453670382499695,0.11211462747369207,0.8779735288269699,-0.15455566530733292,0.4389821628573999
frame_6.png,-0.5081285238265991,0.3087899088859558,0.14495530724525452,0.11186906036800282,0.8779671096391388,-0.1545927553508577,0.4390445851132964
frame_7.png,-0.5084264874458313,0.30883318185806274,0.14516887068748474,0.11179680305973616,0.8779943481082428,-0.15446073727037196,0.4390549853463658
frame_8.png,-0.5082931518554688,0.308226615190506,0.14539450407028198,0.11218956255925497,0.8779308801610589,-0.15463765638839144,0.43901943799688076
frame_9.png,-0.5082249641418457,0.3086819350719452,0.14530304074287415,0.11185003797317478,0.8780399667823,-0.15435188578706022,0.4389884748969102
frame_10.png,-0.5079911351203918,0.30914977192878723,0.14505422115325928,0.11140412053819511,0.8782419796078582,-0.1537685653575192,0.4389024669439348
frame_11.png,-0.507843017578125,0.3088153600692749,0.1449737548828125,0.11158682497496847,0.8783612493059554,-0.1536088876330418,0.43867323356893645
frame_12.png,-0.5082355737686157,0.308786004781723,0.14495497941970825,0.11157182833506009,0.8782438040611817,-0.1536575775749177,0.4388950861013651
frame_13.png,-0.5081009864807129,0.3088507056236267,0.14551183581352234,0.11145510663853157,0.8782699017306493,-0.15363769781376016,0.4388794785914656
frame_14.png,-0.5082433223724365,0.30836156010627747,0.1456887125968933,0.11147332594732631,0.8782859807808484,-0.15347630361315578,0.4388991430788021
frame_15.png,-0.5080495476722717,0.3084632456302643,0.14559179544448853,0.11154635416538884,0.8783164588721684,-0.1534394127686401,0.4388324914541756
frame_16.png,-0.5084618330001831,0.30809056758880615,0.1455956995487213,0.11153799337336584,0.8782986494273295,-0.1534409432493108,0.43886972484227443
frame_17.png,-0.5085774660110474,0.3076895773410797,0.145824134349823,0.11172825390871026,0.8781743474924543,-0.15377046676117656,0.43895473142086444
frame_18.png,-0.5087592601776123,0.3079012930393219,0.14559924602508545,0.11149944273954798,0.8782358530083555,-0.1533747873092851,0.4390282853954721
frame_19.png,-0.5088555812835693,0.307711660861969,0.14546385407447815,0.11171172191725165,0.8781492723936335,-0.1536735895921556,0.4390430211752336
frame_20.png,-0.508948802947998,0.3074411451816559,0.14546379446983337,0.11187122849033324,0.8780628508008422,-0.1538369763893846,0.43911802852414694
frame_21.png,-0.5086969137191772,0.3077991008758545,0.14527329802513123,0.11173884330465311,0.8782135408185456,-0.15343965733390325,0.4389893839002773
frame_22.png,-0.5087659358978271,0.30782371759414673,0.14527150988578796,0.11170567351373693,0.8782094764497349,-0.15356083319666547,0.43896358446535255
frame_23.png,-0.5091110467910767,0.30750054121017456,0.14516127109527588,0.11182883835170593,0.878160183103841,-0.15357128355464736,0.4390271797865304
frame_24.png,-0.5095480680465698,0.3072647452354431,0.14503443241119385,0.11163818741370365,0.878162939750902,-0.1531388054430149,0.4392212114943023
frame_25.png,-0.5095478296279907,0.30772751569747925,0.14507082104682922,0.11112312155105082,0.8783184575922033,-0.15287922669863618,0.4391312798624467
frame_26.png,-0.5094460248947144,0.30790430307388306,0.1449510157108307,0.11101400378290528,0.878352352463642,-0.1527522863551974,0.4391352580913252
frame_27.png,-0.5099409222602844,0.3076343536376953,0.14502623677253723,0.11099292278990491,0.8783468871365765,-0.15261436458339978,0.43919946797650544
frame_28.png,-0.5097988843917847,0.3077583312988281,0.1446738839149475,0.11117354858203486,0.878293350744412,-0.15279638318502897,0.4391975608076678
frame_29.png,-0.509695827960968,0.30764758586883545,0.1446344554424286,0.11123782004854825,0.878263753015701,-0.1529239715070565,0.43919606836597636
frame_30.png,-0.5097765922546387,0.3085533380508423,0.144485741853714,0.11028205880235863,0.8785322722624755,-0.15187040467470986,0.4392656306650731
frame_31.png,-0.5099589824676514,0.3086816072463989,0.14462953805923462,0.1101075785560754,0.8785829923905792,-0.15184785529074066,0.4392157504804849
frame_32.png,-0.510266900062561,0.3084210753440857,0.14452365040779114,0.11023444311146322,0.8785178057278533,-0.1518773277422939,0.43930412004542296
frame_33.png,-0.5098733305931091,0.30846670269966125,0.14429819583892822,0.11038299967341658,0.8785698943220571,-0.15183731962734323,0.4391764594583961
frame_34.png,-0.5099608302116394,0.3085588812828064,0.14450722932815552,0.11015153179466027,0.8785958339539967,-0.1518921399151965,0.439163726227421
frame_35.png,-0.5094895362854004,0.30856287479400635,0.14404964447021484,0.11045589920932725,0.8785940643673658,-0.1518989343829026,0.43908846275167657
frame_36.png,-0.509756326675415,0.3084549605846405,0.14431223273277283,0.11037886318756819,0.8785674785736457,-0.1519618164940248,0.43913927002945563
frame_37.png,-0.5096796751022339,0.30861425399780273,0.1442279815673828,0.1102241420923037,0.8786562304304641,-0.15170734504356254,0.43908854310443635
frame_38.png,-0.5096653699874878,0.30852216482162476,0.14418184757232666,0.11034555118043636,0.8786254111724433,-0.15188765334642274,0.43905738456112736
frame_39.png,-0.5095812082290649,0.3085273504257202,0.14400169253349304,0.11041076568751718,0.8786502577419332,-0.1518592664922082,0.43900108265331095
frame_40.png,-0.5097793340682983,0.3084598779678345,0.14393097162246704,0.11046519143830383,0.8786280379919194,-0.15192457132203957,0.43900926751446145
frame_41.png,-0.5096364617347717,0.3085794448852539,0.143760085105896,0.11036344963367709,0.8786734417581987,-0.15176171162744256,0.43900031277627244
frame_42.png,-0.5093550682067871,0.3088739812374115,0.14382103085517883,0.11021361174124525,0.8787700874487482,-0.15164881860364665,0.43888350277538113
frame_43.png,-0.5093731880187988,0.309065580368042,0.14404863119125366,0.1100762514206861,0.8787611998980023,-0.15171664799330864,0.43891232740567643
frame_44.png,-0.5097446441650391,0.3085441589355469,0.14388349652290344,0.11035205321412532,0.8786510408443666,-0.15183537355948998,0.4390225416884513
frame_45.png,-0.5096143484115601,0.30834299325942993,0.14373421669006348,0.11070020603539989,0.8785956176404351,-0.15210178703708205,0.43895358687094543
frame_46.png,-0.5094362497329712,0.3088034391403198,0.14398950338363647,0.11037870535180133,0.8786269767882475,-0.15206338471531072,0.43898508413581416
frame_47.png,-0.5093998908996582,0.3086231052875519,0.1438843011856079,0.11043499501070726,0.8786916324233124,-0.15203214878592572,0.43885231310974504
frame_48.png,-0.5093532800674438,0.308549165725708,0.14381152391433716,0.11057193090691557,0.8786074139001877,-0.15204272049320255,0.43898276900143396
frame_49.png,-0.5093432664871216,0.30823802947998047,0.14373669028282166,0.11086316715416689,0.8785803836592155,-0.15219982540071628,0.43890896637658716
frame_50.png,-0.5095996856689453,0.3085467219352722,0.14366021752357483,0.1105370967167776,0.8785982014546432,-0.15203930648159777,0.4390111615149288
frame_51.png,-0.509357213973999,0.30851560831069946,0.14377754926681519,0.1105479631058064,0.8786309940140858,-0.15206745448119796,0.4389330398803275
frame_52.png,-0.5090081691741943,0.3088897466659546,0.14350935816764832,0.11057704163654464,0.8787256516619171,-0.15191963125550276,0.4387873888495898
frame_53.png,-0.5093011856079102,0.30885985493659973,0.14359435439109802,0.11036090572124782,0.8787301756529845,-0.15173318431269095,0.4388972427158683
frame_54.png,-0.5097206234931946,0.30856287479400635,0.14386028051376343,0.11037156659829452,0.8786386019527085,-0.15191121685853964,0.4390162942736706
frame_55.png,-0.5094361901283264,0.30876168608665466,0.1436915099620819,0.11032887393863915,0.8787312871560752,-0.1518026561932903,0.43887904725689597
frame_56.png,-0.5091850161552429,0.3086422085762024,0.14370685815811157,0.11058487254892448,0.8786827089405128,-0.1520933511151928,0.43881122993703214
frame_57.png,-0.5094007849693298,0.30869877338409424,0.14367488026618958,0.1105474422212607,0.8786559867510274,-0.1520891797117747,0.43887561037213596
frame_58.png,-0.5094872117042542,0.30833855271339417,0.14383471012115479,0.11060831484474336,0.8786263015506197,-0.15213506940329574,0.43890379762351134
frame_59.png,-0.5090970396995544,0.30892235040664673,0.14359265565872192,0.11033648336075244,0.8788450425003271,-0.15151681679276663,0.4387481121796054
frame_60.png,-0.5093808174133301,0.3087203800678253,0.1436643898487091,0.11041474086656503,0.8786996659584978,-0.15198729365591263,0.4388568611870448
frame_61.png,-0.5097867250442505,0.308465838432312,0.14386552572250366,0.11041190862744427,0.8786435296782806,-0.15202110792549728,0.43895824509039766
frame_62.png,-0.509716272354126,0.3083229660987854,0.14385414123535156,0.110485650894763,0.878618740992659,-0.15199222221688488,0.43899930900675493
frame_63.png,-0.5095151662826538,0.30881449580192566,0.1438671052455902,0.11022320313184149,0.8787248385812023,-0.15173648086075914,0.43894139008276434
frame_64.png,-0.5094456076622009,0.3086898624897003,0.1438368856906891,0.11032007423476266,0.8786791352034345,-0.15196362340196373,0.4389299667845967
frame_65.png,-0.5099674463272095,0.30852046608924866,0.14394119381904602,0.1101822353732039,0.878674889209173,-0.15184202272842456,0.4390151639922612
frame_66.png,-0.509715735912323,0.30836737155914307,0.1437305212020874,0.11052020790978767,0.8786205070743857,-0.15196511185240863,0.43899646122903063
frame_67.png,-0.5096410512924194,0.30858588218688965,0.14390480518341064,0.11022582300599856,0.878692452189416,-0.15187553665459122,0.4389574737646931
frame_68.png,-0.5094624757766724,0.3088642358779907,0.14372026920318604,0.11017357865528984,0.8787705000538986,-0.15168215365207682,0.43888120837508576
frame_69.png,-0.50965416431427,0.308603435754776,0.14379945397377014,0.11019997225921081,0.8787413720347531,-0.15175842727749878,0.4389065355389562
frame_70.png,-0.5096025466918945,0.308317631483078,0.14353811740875244,0.11069890386274986,0.8785917866703739,-0.15221602520220706,0.4389219825328721
frame_71.png,-0.509536862373352,0.3087156116962433,0.14363887906074524,0.11037546094537883,0.8786633826771724,-0.15191970830965465,0.4389627772266269
frame_72.png,-0.5097193717956543,0.3087630569934845,0.1438349485397339,0.1099956357696358,0.8787542704051968,-0.15155982254403982,0.43900058376576584
frame_73.png,-0.5096346139907837,0.3086853623390198,0.14368638396263123,0.11024385075773173,0.8787313222654031,-0.15188547788208556,0.4388716876814151
frame_74.png,-0.5097389221191406,0.30830639600753784,0.14369672536849976,0.11050170020421674,0.8786805783338457,-0.15197695906221206,0.43887677020443755
frame_75.png,-0.5094907879829407,0.30845150351524353,0.1436379849910736,0.11054329754991801,0.878654684911708,-0.15207193388794538,0.43888523667705864
frame_76.png,-0.5096826553344727,0.30859827995300293,0.1436874270439148,0.11022407414919579,0.8787248583475833,-0.15169409444378235,0.43895578195400614
frame_77.png,-0.5094916224479675,0.30860254168510437,0.14362376928329468,0.1103979234486389,0.8787162019849442,-0.15186793688466033,0.43886930242816014
frame_78.png,-0.5095340609550476,0.3085137605667114,0.14355993270874023,0.11042677322315372,0.8787106874821302,-0.1518639161675617,0.43887447684555103
frame_79.png,-0.5099142789840698,0.3084436058998108,0.14372265338897705,0.1103019560829029,0.8786745844144072,-0.15190399306373248,0.438964269707396
frame_80.png,-0.5096437931060791,0.30866533517837524,0.14360588788986206,0.11023200233969362,0.8787441509271966,-0.15169505187997057,0.43891483696333994
frame_81.png,-0.5092813968658447,0.30896496772766113,0.14338910579681396,0.11032547699398276,0.878773696128591,-0.15165521768562717,0.4388459582441997
frame_82.png,-0.509568989276886,0.3083723187446594,0.14352044463157654,0.11054707012201895,0.8786786943932382,-0.15199805870449573,0.4388618090662439
frame_83.png,-0.5095524191856384,0.3085562288761139,0.14341777563095093,0.11048746827843502,0.878711147890385,-0.15197743479639111,0.43881898003538145
frame_84.png,-0.5093957185745239,0.30889007449150085,0.14328303933143616,0.11037067368633313,0.878728075124934,-0.15178592034967497,0.43888075688147365
frame_85.png,-0.5094031691551208,0.3089280426502228,0.14348140358924866,0.11015189937524508,0.8788437710450622,-0.15163976862907413,0.4387545620611153
frame_86.png,-0.5093638896942139,0.30852970480918884,0.14342403411865234,0.1105170530861658,0.8786904597416767,-0.1519800533648145,0.4388520483207736
frame_87.png,-0.509431004524231,0.30842500925064087,0.1435459554195404,0.11058465755098029,0.8786191965471177,-0.15216246382258258,0.43891448549423745
frame_88.png,-0.5097121000289917,0.3086993396282196,0.143504798412323,0.11034988654490899,0.8786405637183413,-0.15195427087633823,0.4390029178612391
frame_89.png,-0.50959312915802,0.3088470995426178,0.14346221089363098,0.11030913590840682,0.8786804949121714,-0.151976797832485,0.43892543252427985
frame_90.png,-0.5093331933021545,0.309054434299469,0.14325827360153198,0.11034091591275108,0.8787379427709219,-0.1517758497140539,0.43887196498960834
frame_91.png,-0.5096052885055542,0.308755487203598,0.1432156264781952,0.11041821833714795,0.8787043490112951,-0.15173299847874339,0.4389345979306434
frame_92.png,-0.509453535079956,0.30873334407806396,0.14330178499221802,0.11041044422462729,0.8786686487646395,-0.1519439211111293,0.43893505706609726
frame_93.png,-0.5093826055526733,0.3086984157562256,0.14343231916427612,0.11044838684112313,0.8786704927319517,-0.15211904527353648,0.43886115698640993
frame_94.png,-0.5094074010848999,0.3088656961917877,0.143213152885437,0.11051763305502643,0.878680515545271,-0.15203567677428742,0.43885254627584847
frame_95.png,-0.5096762180328369,0.3085457682609558,0.14324495196342468,0.1104999081759947,0.878590124759844,-0.15206465346597267,0.4390279081491881
frame_96.png,-0.5095254778862,0.30901259183883667,0.1433449685573578,0.1103597113733643,0.8786277308061233,-0.15212559408406884,0.43896679645348935
frame_97.png,-0.509148895740509,0.30897989869117737,0.14319932460784912,0.11034476148157703,0.8787118487829279,-0.15184405126345746,0.4388996519911622
frame_98.png,-0.5094265341758728,0.30865347385406494,0.14315733313560486,0.11056627030450941,0.8786679720384084,-0.15207197928365548,0.43885283171196743
frame_99.png,-0.5093092918395996,0.30828577280044556,0.14309954643249512,0.11113563373444507,0.8784584621553952,-0.15250646452790098,0.43897765257382
frame_100.png,-0.5095970630645752,0.30863529443740845,0.14338749647140503,0.11041314947367106,0.8786058227128493,-0.15200997396859647,0.43903725642870983
frame_101.png,-0.5089883804321289,0.3088231086730957,0.14306417107582092,0.11072380731504036,0.8786039563792422,-0.1522413276797428,0.4388825634206873
frame_102.png,-0.5092877745628357,0.30899345874786377,0.1432698667049408,0.11029363174225135,0.8787240470795069,-0.15190734036094589,0.4388661798609922
frame_103.png,-0.5095622539520264,0.3085513412952423,0.14320269227027893,0.11057824870230189,0.8786230991622042,-0.15215698579115125,0.43891018694886413
frame_104.png,-0.5095531940460205,0.3084448575973511,0.14328262209892273,0.11071519717072027,0.8785374920101994,-0.1522257775008598,0.43902315760348726
frame_105.png,-0.5091010928153992,0.30884844064712524,0.14305666089057922,0.11061591851289293,0.878647988185572,-0.15214278673850362,0.43885578938010855
frame_106.png,-0.5093349814414978,0.3089402914047241,0.1431366503238678,0.11045175636201332,0.8786827320639904,-0.1520431214245463,0.43886211401371705
frame_107.png,-0.5095048546791077,0.3088391125202179,0.14319723844528198,0.11052704768651296,0.8785574721432221,-0.15212994458904172,0.43906379927107375
frame_108.png,-0.50966477394104,0.30843913555145264,0.14326131343841553,0.11065210291982047,0.8785533016280789,-0.15228296265776664,0.4389875939044251
frame_109.png,-0.5093251466751099,0.30889028310775757,0.1430889070034027,0.1105449410707518,0.8785693380539953,-0.15211151707729847,0.43904193490767063
frame_110.png,-0.5090509653091431,0.30866867303848267,0.14309844374656677,0.11080701698690312,0.8785908881370773,-0.15233831949671822,0.43885406763738866
frame_111.png,-0.5092607140541077,0.3087337911128998,0.1432916820049286,0.1106528546042742,0.8786115513311087,-0.152221694071503,0.43889206359818084
frame_112.png,-0.5096881985664368,0.3082129657268524,0.14383327960968018,0.11059037593814765,0.8785722395254262,-0.15200530401364512,0.4390614720478852
frame_113.png,-0.5104703903198242,0.30772292613983154,0.14464226365089417,0.1100634581320166,0.8786685323613828,-0.15112156732377463,0.43930617718343246
frame_114.png,-0.5103209018707275,0.30667442083358765,0.145401269197464,0.11013387401699741,0.8787261171418108,-0.1502176385246859,0.43948333520504684
frame_115.png,-0.5098070502281189,0.30672362446784973,0.14622023701667786,0.11005893276597928,0.8786176588291784,-0.15014760392069726,0.4397428088653876
frame_116.png,-0.5085142254829407,0.3096824586391449,0.1470746397972107,0.10975098467638503,0.8779560426703863,-0.15256908698181668,0.4403073724100626
frame_117.png,-0.5075042843818665,0.3112316429615021,0.146581768989563,0.11026495816245975,0.8773373643198883,-0.15515929501369696,0.4405069594688772
frame_118.png,-0.5062018632888794,0.31345459818840027,0.14611974358558655,0.11023562716026014,0.8769752247669217,-0.15718531457468146,0.44051712626372397
frame_119.png,-0.5045922994613647,0.3151280879974365,0.14500200748443604,0.11052920075217373,0.8770508600113174,-0.15757072181613346,0.4401551457847983
frame_120.png,-0.502687394618988,0.3167421817779541,0.14338582754135132,0.11116607514075513,0.8774221951895487,-0.15679318653783914,0.4395319007556381
frame_121.png,-0.5014835000038147,0.31899863481521606,0.1423424482345581,0.11013863328572154,0.8783879792520605,-0.15428264435561678,0.43874925072764914
frame_122.png,-0.4998398721218109,0.3215993046760559,0.1411496102809906,0.10893331632441695,0.8794018808790592,-0.15195186831054153,0.4378315820242678
frame_123.png,-0.49815884232521057,0.32379376888275146,0.13990065455436707,0.10840909226730928,0.8799635575870484,-0.15064343090755158,0.43728499031744167
frame_124.png,-0.4972268342971802,0.3255583345890045,0.13927465677261353,0.10756064756839737,0.8805114555676379,-0.1492396903522858,0.4368727486721742
frame_125.png,-0.49638205766677856,0.32692405581474304,0.1384565234184265,0.10719706304484204,0.8810240992356941,-0.14794294926394913,0.436369350440173
frame_126.png,-0.495010107755661,0.32807686924934387,0.13746723532676697,0.10733585197493715,0.8811688740037604,-0.14752452234924082,0.4361845316759728
frame_127.png,-0.4944356083869934,0.32794299721717834,0.13679498434066772,0.107442882255542,0.8813973531805717,-0.14679711204741444,0.4359419006627412
frame_128.png,-0.4941510558128357,0.3278672695159912,0.13633933663368225,0.10738522128651054,0.8816326507887059,-0.1458230638712849,0.43580720204663664
frame_129.png,-0.493470162153244,0.3273940980434418,0.13608887791633606,0.10785642350593413,0.8818217817610721,-0.14555034574825707,0.4353991662518424
frame_130.png,-0.49222511053085327,0.3277662694454193,0.13531941175460815,0.1082351706479808,0.8821379520363355,-0.14462625755697997,0.43497244399732293
frame_131.png,-0.4915151298046112,0.32796239852905273,0.13513663411140442,0.10841405005966082,0.8823537181100576,-0.14366795632939292,0.4348078060605095
frame_132.png,-0.49063777923583984,0.3293757736682892,0.13424989581108093,0.10786276106455757,0.8828760561633703,-0.1413845672833765,0.43463306174638394
frame_133.png,-0.48989540338516235,0.3309099078178406,0.1338607370853424,0.10695434215106561,0.8834939653899201,-0.13820869230778654,0.4346234452778627
frame_134.png,-0.4893798530101776,0.33162760734558105,0.13360637426376343,0.10651235662894624,0.8838791008797383,-0.13675983113333168,0.4344071839895792
frame_135.png,-0.4893653094768524,0.3311462700366974,0.13387712836265564,0.10631032015276008,0.8843869876819952,-0.13619408742202546,0.4335999797037194
frame_136.png,-0.48951780796051025,0.330016553401947,0.13422700762748718,0.10654567734373487,0.8847191050321939,-0.13618042020687743,0.43286835987708433
frame_137.png,-0.48939570784568787,0.32905298471450806,0.13405841588974,0.10672617365880313,0.8852180969708097,-0.13590804503047324,0.431888235481732
frame_138.png,-0.48866525292396545,0.3293943703174591,0.13370001316070557,0.10672597675795015,0.8856488742779434,-0.13549050662406353,0.43113566309228885
frame_139.png,-0.4882919192314148,0.3287617266178131,0.13383787870407104,0.10647254460440583,0.8861553670684582,-0.134634365032919,0.4304251972334008
frame_140.png,-0.4887389540672302,0.3275323510169983,0.13437238335609436,0.1064910803294616,0.8863452493242621,-0.1338443164337021,0.4302760134715518
frame_141.png,-0.49035364389419556,0.3252372443675995,0.13607454299926758,0.10672075568620058,0.8863272909637019,-0.13358152824043934,0.43033776142892705
frame_142.png,-0.49255985021591187,0.3232930302619934,0.138108491897583,0.10605991129630916,0.8863214433172856,-0.13314537016370265,0.4306482378180057
frame_143.png,-0.4935168921947479,0.3223305344581604,0.13874369859695435,0.10584066183761386,0.886384946766006,-0.1325298232025277,0.4307613334670459
frame_144.png,-0.4946334958076477,0.32116636633872986,0.13936960697174072,0.10568539897174634,0.8864158844377291,-0.13183149845621445,0.4309500345462923
frame_145.png,-0.4957403838634491,0.3194795846939087,0.13986554741859436,0.10584039299911002,0.8863841593856181,-0.1314574612078061,0.4310914857577719
frame_146.png,-0.49660763144493103,0.319029301404953,0.14031100273132324,0.1056495814539815,0.886311270221515,-0.13131687158136623,0.43133093728018834
frame_147.png,-0.4972146153450012,0.31867122650146484,0.1407400667667389,0.10539478476396048,0.8862462491016155,-0.1314354165858675,0.43149073751909817
frame_148.png,-0.49749985337257385,0.31793174147605896,0.14094236493110657,0.10555449082263042,0.8862025661788361,-0.13113642681336368,0.43163236524598586
frame_149.png,-0.4979715347290039,0.3174598217010498,0.14100462198257446,0.1059085367329767,0.8861384154552826,-0.13129992863623036,0.4316276395709633
frame_150.png,-0.4979076385498047,0.3172464370727539,0.14071500301361084,0.10616976720052687,0.8861762110062631,-0.13119739409284553,0.43151703021134125
frame_151.png,-0.4985000491142273,0.3164631426334381,0.14083704352378845,0.10657821664188344,0.8859862824353303,-0.13168270355252842,0.43165849540922485
frame_152.png,-0.49875131249427795,0.31594330072402954,0.14107593894004822,0.10688282025226029,0.8858626228845314,-0.13202016984248782,0.431733888947604
frame_153.png,-0.4989195168018341,0.31584519147872925,0.14100214838981628,0.10702942624875299,0.8857134371577762,-0.13241534250334705,0.4318826069949355
frame_154.png,-0.49916139245033264,0.31560295820236206,0.14112666249275208,0.106865327054077,0.8856421009791101,-0.13243719600171133,0.43206279631800876
frame_155.png,-0.4982043504714966,0.3165555000305176,0.1406492292881012,0.1067291265396371,0.8856964469011427,-0.13263499881923338,0.4319243621086908
frame_156.png,-0.4969049394130707,0.31706002354621887,0.1398269236087799,0.10734415875765486,0.8855831918736068,-0.13364119169025246,0.43169395841866376
frame_157.png,-0.49668923020362854,0.31679755449295044,0.13981717824935913,0.10784270359735314,0.8853252590851504,-0.13451299879423223,0.4318279635016792
frame_158.png,-0.49537229537963867,0.31659364700317383,0.13896134495735168,0.10927116660962184,0.8850093683171376,-0.13628949737289162,0.43155926944571366
frame_159.png,-0.4940788149833679,0.31707823276519775,0.1376405656337738,0.10976686943102021,0.8849688944850097,-0.1367675141885742,0.43136520169338116
frame_160.png,-0.49292096495628357,0.31795912981033325,0.1366226077079773,0.1101470553336589,0.884801963127724,-0.13723059207897237,0.43146364486976724
frame_161.png,-0.4920521378517151,0.31807151436805725,0.13505035638809204,0.11140158511014561,0.8845794311300113,-0.13791134399927452,0.4313807808108359
frame_162.png,-0.49225053191185,0.3182636499404907,0.1347145438194275,0.1115603310775903,0.8844069710441934,-0.13863927536231438,0.43146002529238553
frame_163.png,-0.4910404682159424,0.319068968296051,0.13411936163902283,0.11202295834116675,0.8842502717435946,-0.1391660198411978,0.43149175269920464
frame_164.png,-0.4901787340641022,0.3204924166202545,0.1339341402053833,0.11197707429905018,0.8840339973216853,-0.13997516128611276,0.4316850479618147
frame_165.png,-0.4895282983779907,0.3212358355522156,0.13383176922798157,0.11227509536418369,0.8837656073384144,-0.14093022344209816,0.4318464152534873
frame_166.png,-0.4890948534011841,0.32232046127319336,0.133765310049057,0.11222028762756774,0.8833810028911634,-0.14168789690580014,0.4323992953812481
frame_167.png,-0.4884527623653412,0.3235855996608734,0.1336347758769989,0.11210473850686765,0.8830472748384887,-0.14203642079131643,0.43299618147671665
frame_168.png,-0.4877952039241791,0.3257971704006195,0.13316857814788818,0.11126444737945514,0.8828930081277143,-0.14186249064676149,0.43358412412822267
frame_169.png,-0.48741915822029114,0.3269018232822418,0.133058100938797,0.1111678554850785,0.8824950021113883,-0.14306721330008526,0.43402310034584246
frame_170.png,-0.4876418709754944,0.32757681608200073,0.13338196277618408,0.11107321195739965,0.8822041361602193,-0.14379688137428523,0.43439735339237207
frame_171.png,-0.48728135228157043,0.32844114303588867,0.13355612754821777,0.11076731313091627,0.8820426301134452,-0.14396422596569725,0.43474786100268675
frame_172.png,-0.48726528882980347,0.329271137714386,0.13369613885879517,0.1100510381124514,0.8822111987388873,-0.14318832522864444,0.4348439643691553
frame_173.png,-0.4868534207344055,0.329784631729126,0.13358572125434875,0.11015493309178807,0.8820710207527912,-0.14407123790648407,0.43481039945218203
frame_174.png,-0.48708879947662354,0.3290121555328369,0.13380733132362366,0.1106261552322424,0.8817885688464825,-0.14522881330554355,0.4348785639877733
frame_175.png,-0.4872603118419647,0.3293246328830719,0.1341019868850708,0.11015618260328446,0.8819657284540662,-0.14509402226728832,0.43468355612912235
frame_176.png,-0.4867887496948242,0.32970675826072693,0.1340329647064209,0.11024920693801295,0.8820550371766083,-0.14511142524569215,0.43447289676581113
frame_177.png,-0.4873625934123993,0.32930582761764526,0.13416242599487305,0.11008350553958031,0.8821362929174971,-0.1448375699580539,0.4344413203811749
frame_178.png,-0.4882640838623047,0.3286062479019165,0.13476738333702087,0.11027369697215313,0.8819541030934945,-0.1453999558646995,0.43457510815414513
frame_179.png,-0.48838895559310913,0.3306100070476532,0.13469994068145752,0.10890711587150413,0.8823719959418772,-0.14383025944157696,0.43459378430790696
frame_180.png,-0.48861458897590637,0.3304486870765686,0.13516560196876526,0.10860049423777439,0.8823987785335972,-0.14333163872985374,0.43478082942183804
frame_181.png,-0.48881447315216064,0.33070459961891174,0.1352764070034027,0.1082282235346996,0.8824223541342049,-0.1432237550929617,0.4348613532286379
frame_182.png,-0.4888627827167511,0.3304905295372009,0.13519197702407837,0.10837614575957855,0.8823868581326261,-0.14330355764438457,0.43487024960509046
frame_183.png,-0.48871156573295593,0.3305557072162628,0.1349756419658661,0.10830506237288529,0.8824529339338633,-0.1432009237210894,0.4347876818647799
frame_184.png,-0.48855119943618774,0.33078646659851074,0.13491323590278625,0.1084499890371547,0.8824055151297955,-0.14358573918472176,0.43472087855213326
frame_185.png,-0.48926839232444763,0.33015555143356323,0.13514819741249084,0.1084144373243936,0.8823278147580926,-0.14365736314317257,0.434863770735842
frame_186.png,-0.4899143576622009,0.3300137221813202,0.13572728633880615,0.1086096751550737,0.8821563723149577,-0.1436430462906984,0.43516749476397176
frame_187.png,-0.4911591112613678,0.3293485641479492,0.13704031705856323,0.10838525586545322,0.8822849553960146,-0.1433198020184291,0.4350693371661938
frame_188.png,-0.4949174225330353,0.32606664299964905,0.14015930891036987,0.10813883874115036,0.881656451684216,-0.14397819441246879,0.4361859377525118
frame_189.png,-0.49952709674835205,0.3224734365940094,0.14402973651885986,0.10706665800027391,0.8808137095253836,-0.14504964749462623,0.43779508861848826
frame_190.png,-0.5032264590263367,0.3183290362358093,0.1475844383239746,0.10659261892857644,0.8798183690085202,-0.14699729075423895,0.43926011389158526
frame_191.png,-0.5062533617019653,0.3137347996234894,0.1506269872188568,0.10709209143129551,0.8789727775133709,-0.14854747753278513,0.44030874084209143
frame_192.png,-0.5073035955429077,0.307979017496109,0.15258973836898804,0.1115834815000195,0.8770279010314684,-0.15344767179275917,0.4413898497814073
frame_193.png,-0.5080302357673645,0.30539023876190186,0.15393930673599243,0.1130785924907729,0.876506324062855,-0.1545228514711201,0.44167022106019477
frame_194.png,-0.5078537464141846,0.30442389845848083,0.15421271324157715,0.11394204728204899,0.876375128806043,-0.1547412050470613,0.4416322032324523
frame_195.png,-0.5072499513626099,0.30459630489349365,0.15379393100738525,0.1140581437848577,0.8765245955173702,-0.1545301569184479,0.441379433019056
frame_196.png,-0.507266104221344,0.3056917190551758,0.1536370813846588,0.11316716675421865,0.8769680541287513,-0.15423427204825602,0.44083104896569947
frame_197.png,-0.5073158740997314,0.30680638551712036,0.15317457914352417,0.11226947651758365,0.8771843997243965,-0.15441286845420957,0.4405675425838367
frame_198.png,-0.5071640610694885,0.3077784478664398,0.1523040235042572,0.11187262954273607,0.8772050705828202,-0.15471962570872216,0.44051971161746695
frame_199.png,-0.5052424669265747,0.3093569278717041,0.15091630816459656,0.11247988632817287,0.8767392918865187,-0.15652822090608198,0.44065338452564284
frame_200.png,-0.5035544633865356,0.3111546039581299,0.14964887499809265,0.11347925261654535,0.8759662056218944,-0.15933395609356937,0.4409289696419865
frame_201.png,-0.5019300580024719,0.31208938360214233,0.1484416425228119,0.11479565202401026,0.8749113496382308,-0.1629093736396422,0.4413758313851485
frame_202.png,-0.5008573532104492,0.3142120838165283,0.147464781999588,0.1154622979286662,0.8736366064125481,-0.16609495985334288,0.4425381362146259
frame_203.png,-0.5006345510482788,0.3155849575996399,0.14625483751296997,0.11585188608415325,0.8729357262816784,-0.16754387314428806,0.4432726123319983
frame_204.png,-0.5002588033676147,0.3153156340122223,0.14547592401504517,0.11660923501247324,0.8727268703094008,-0.16819227303643294,0.4432397268303033
frame_205.png,-0.49980127811431885,0.31532028317451477,0.1454249620437622,0.11691104078175725,0.872713218423643,-0.16855922038600285,0.443047668039045
frame_206.png,-0.4990568459033966,0.3150322437286377,0.14530733227729797,0.11743674922686692,0.8727698081854918,-0.16840715468266737,0.44285494476473236
frame_207.png,-0.4988774061203003,0.31486499309539795,0.14504894614219666,0.11732717877779147,0.8729847224142223,-0.16779061240969445,0.44269438435402236
frame_208.png,-0.4988095164299011,0.31488215923309326,0.14454489946365356,0.11744462379609073,0.8730951046401876,-0.16741097509653807,0.44258927236430073
frame_209.png,-0.4982041120529175,0.3148862421512604,0.14367318153381348,0.11794958129847205,0.8731313148036055,-0.16734382811640422,0.4424089133055411
frame_210.png,-0.4981795847415924,0.3147966265678406,0.14357727766036987,0.11798057623960409,0.8731816006958082,-0.1670610166787017,0.4424082871542483
frame_211.png,-0.4980618357658386,0.3146785497665405,0.1433294117450714,0.11808059047369306,0.8731879348959853,-0.1669784783052654,0.44240026253193654
frame_212.png,-0.4978543221950531,0.31441783905029297,0.14324814081192017,0.11828880743353111,0.8732107996697035,-0.16696368398098582,0.4423050820504412
frame_213.png,-0.49766960740089417,0.3146951496601105,0.14304792881011963,0.11836016822989287,0.8731780321523014,-0.16699410802782477,0.44233919408889993
frame_214.png,-0.4978037476539612,0.31441348791122437,0.14301598072052002,0.11845692583978709,0.8731787940742184,-0.1670438050173392,0.44229302222057487
frame_215.png,-0.49769696593284607,0.3144228756427765,0.14305049180984497,0.11859384647368429,0.8731065919699147,-0.16726942204869735,0.44231359812326787
frame_216.png,-0.49767687916755676,0.3144868314266205,0.14285802841186523,0.11869584630124268,0.8730379765060235,-0.1674476416382311,0.44235424148401065
frame_217.png,-0.49784284830093384,0.3146097660064697,0.14292478561401367,0.11848810167540161,0.8730558192831186,-0.1673631029988496,0.4424067109932202
frame_218.png,-0.4980998933315277,0.3142146170139313,0.14303958415985107,0.11876843454782607,0.872940980003236,-0.16761797104022624,0.4424616595484931
frame_219.png,-0.49792394042015076,0.31427615880966187,0.14298120141029358,0.11875381080661383,0.8730066027463497,-0.16751665570949537,0.4423744726361259
frame_220.png,-0.49781447649002075,0.3141389489173889,0.1431168019771576,0.11883014941632375,0.8730064870784003,-0.16772821994364584,0.44227402517360326
frame_221.png,-0.49782347679138184,0.3140965402126312,0.1430344581604004,0.11893436651047429,0.872921386104692,-0.16787325323981256,0.442358950390401
frame_222.png,-0.497937947511673,0.31401848793029785,0.14296647906303406,0.11894151634006923,0.8729240754249291,-0.16787827905580655,0.44234981367184795
frame_223.png,-0.4998972713947296,0.3165648877620697,0.14342811703681946,0.11494401241253133,0.8741565090682255,-0.16364349672563705,0.44255968822698666
frame_224.png,-0.5000717639923096,0.31646546721458435,0.14361733198165894,0.11478223669251153,0.8742304505215694,-0.16341938070713857,0.4425384316983252
frame_225.png,-0.499977707862854,0.3165539801120758,0.14352816343307495,0.11475903958336506,0.8742397103106025,-0.16347453976076337,0.44250578143109476
frame_226.png,-0.49997949600219727,0.31662610173225403,0.14359095692634583,0.114674067510989,0.8743118286322182,-0.1632346541712441,0.44247387745703826
frame_227.png,-0.5000476241111755,0.31669360399246216,0.14370611310005188,0.11449009844817915,0.8743113605321268,-0.16312794968455113,0.44256178578081334
frame_228.png,-0.5006320476531982,0.31663399934768677,0.1443517506122589,0.11408761310004896,0.8743843777117806,-0.16262952204677616,0.44270488489461357
frame_229.png,-0.5007157325744629,0.3169953227043152,0.14418691396713257,0.11343541778966851,0.8748601129587578,-0.16048556016105875,0.44271500282288184
frame_230.png,-0.49995657801628113,0.31721216440200806,0.14349564909934998,0.11335172165791041,0.8753102395481737,-0.158937111863135,0.44240520590507476
frame_231.png,-0.49833959341049194,0.3177946209907532,0.1426948606967926,0.1136988498726334,0.8758111972461495,-0.15855700020319202,0.4414600729425839
frame_232.png,-0.4969687759876251,0.3193357586860657,0.14137858152389526,0.11331789407104813,0.8768068909977393,-0.1571839783245102,0.4400703668054247
frame_233.png,-0.4955410361289978,0.3221821188926697,0.14040672779083252,0.11212220114270535,0.8782155324542372,-0.15387475098362385,0.43873528645045545
frame_234.png,-0.49421441555023193,0.3244687020778656,0.139383465051651,0.11048115195566009,0.8795474225102924,-0.15052967504869644,0.43764262080810346
frame_235.png,-0.490956574678421,0.32901257276535034,0.1360984444618225,0.10917611089353131,0.8808802949887894,-0.14706551207823537,0.4364655975764793
frame_236.png,-0.4891628623008728,0.3302098214626312,0.13488757610321045,0.10937272248579295,0.8812203081235375,-0.14633751403222062,0.4359744351605643
frame_237.png,-0.4886775016784668,0.33047059178352356,0.1339069902896881,0.10930539924021669,0.8814997177465439,-0.14541003503726524,0.43573673131853563
frame_238.png,-0.48819202184677124,0.32974913716316223,0.13322904706001282,0.11002747360307047,0.8814995693052798,-0.14577936782849943,0.4354317860269902
frame_239.png,-0.48788315057754517,0.33007898926734924,0.13298293948173523,0.1094902186022816,0.8818080496018699,-0.14478272175028312,0.43527510745544695
frame_240.png,-0.48678261041641235,0.3310348689556122,0.1323874294757843,0.10945908321359629,0.8821166127374304,-0.14347974599400606,0.4350891323903377
frame_241.png,-0.48585227131843567,0.3337497115135193,0.13161620497703552,0.10829553646574658,0.8826699582458792,-0.140879620593713,0.43510774998060603
frame_242.png,-0.48467594385147095,0.3365151584148407,0.1306757628917694,0.10734871051373136,0.8830935270930723,-0.13813444890772153,0.4353630103514955
frame_243.png,-0.4840279519557953,0.3388108015060425,0.1302608847618103,0.10599990940264362,0.8837637781397377,-0.1355629916142061,0.4351416768816963
frame_244.png,-0.48440369963645935,0.33857566118240356,0.1307539939880371,0.10564537865408505,0.8841187933265091,-0.135368520264025,0.4345668843543431
frame_245.png,-0.48528623580932617,0.3364536464214325,0.13195958733558655,0.10564455037984809,0.8845581327938004,-0.13561010201843104,0.4335966315758642
frame_246.png,-0.4860228896141052,0.33338600397109985,0.1320192515850067,0.1064856040494788,0.8850179654824248,-0.13592377924599444,0.4323525680958231
frame_247.png,-0.4870195686817169,0.3311273455619812,0.13242271542549133,0.10677564418758871,0.8854352031500593,-0.1357968437265091,0.43146573451996934
frame_248.png,-0.48818308115005493,0.3297538161277771,0.1336767077445984,0.10583534637430589,0.8858188614167117,-0.13476219499960732,0.4312342461065901
frame_249.png,-0.4886021614074707,0.3284194767475128,0.13404279947280884,0.10596633223504776,0.8862009516759072,-0.1338906866029555,0.4306881629698649
frame_250.png,-0.49003010988235474,0.327168732881546,0.13618150353431702,0.10526948660607667,0.8864396672366588,-0.13318746551719438,0.43058582253502137
frame_251.png,-0.49081212282180786,0.3257097005844116,0.1371259093284607,0.10552895521182698,0.8865370539843854,-0.13220304578288636,0.4306251806505459
frame_252.png,-0.4931652545928955,0.32215890288352966,0.1383090317249298,0.10563458508479646,0.8865526947730087,-0.13111514079809017,0.43089960974474845
frame_253.png,-0.4941960871219635,0.3215828835964203,0.1389230191707611,0.10520728949973177,0.8865232076064131,-0.13070388468009553,0.4311896602898643
frame_254.png,-0.49404072761535645,0.32108035683631897,0.1386057734489441,0.10577563367933453,0.8865080428481319,-0.13079839494994153,0.4310531117667858
frame_255.png,-0.4935348629951477,0.32098132371902466,0.13805735111236572,0.10611694076275677,0.8865316563731607,-0.13057643777369699,0.43098794766181775
frame_256.png,-0.4935179650783539,0.32173460721969604,0.13795030117034912,0.1054013406105842,0.886750063820961,-0.1298238052551154,0.43094159847953317
frame_257.png,-0.49338242411613464,0.32162216305732727,0.13792037963867188,0.10556235983517893,0.8867154215533296,-0.1300527862446728,0.4309044234578319
frame_258.png,-0.4938652515411377,0.3209580183029175,0.13816100358963013,0.10577290398062221,0.8865645788074973,-0.13052476475124936,0.4310204475126699
frame_259.png,-0.49417275190353394,0.3205522894859314,0.13836681842803955,0.1060223588205562,0.8863686266761559,-0.13107955349684064,0.4311937705132341
frame_260.png,-0.4946988821029663,0.32033416628837585,0.13869395852088928,0.10601239741092693,0.8861862536439171,-0.13160902190872903,0.4314097365613977
frame_261.png,-0.4952356517314911,0.32014623284339905,0.1390492022037506,0.10618249710727469,0.88587961761409,-0.1326410706099529,0.43168151082878553
frame_262.png,-0.4957743287086487,0.3200235366821289,0.13930189609527588,0.10624675438908844,0.8855600179827204,-0.13367017147483268,0.4320038969617257
frame_263.png,-0.49603530764579773,0.3192721903324127,0.1396535038948059,0.10702005003213791,0.8850507427195938,-0.13531431086553913,0.432344687694435
frame_264.png,-0.4953356087207794,0.31946152448654175,0.13901647925376892,0.10785437334278192,0.8846958189392851,-0.13665349503705404,0.4324425561809816
frame_265.png,-0.49545466899871826,0.3195408582687378,0.13871940970420837,0.10788268288243102,0.8844889380570028,-0.1371896162008161,0.4326888655784399
frame_266.png,-0.4964345693588257,0.3199651539325714,0.13852694630622864,0.10745403599694081,0.884194264630659,-0.13741396646645532,0.4333261293323679
frame_267.png,-0.4970519244670868,0.32074883580207825,0.13867449760437012,0.10702727680890525,0.8839551019545759,-0.13746081163596802,0.433904442258576
frame_268.png,-0.49611955881118774,0.3217207193374634,0.1377420723438263,0.10740551000780893,0.8838347016999106,-0.13742458419682077,0.4340676907457215
frame_269.png,-0.4962081015110016,0.32240837812423706,0.1372574269771576,0.10771797540250869,0.883676095652617,-0.13760864586647786,0.43425482879310123
frame_270.png,-0.49576127529144287,0.32202720642089844,0.13644617795944214,0.10916470166082323,0.8833175720573226,-0.1388606505362024,0.4342244287678008
frame_271.png,-0.4947495460510254,0.32265323400497437,0.13565203547477722,0.11015201858410172,0.8829399078653117,-0.14051389755751403,0.43421135002880656
frame_272.png,-0.4928417205810547,0.324046790599823,0.13515838980674744,0.11083593354982796,0.8823337868920766,-0.14261741253579857,0.43458343040711916
frame_273.png,-0.4918729066848755,0.3263358473777771,0.13450142741203308,0.10980540914087178,0.8824963724046997,-0.14193284356312488,0.43473899380437087
frame_274.png,-0.49031302332878113,0.3272061049938202,0.13360664248466492,0.11072279229379942,0.8821214110920503,-0.14320057777477702,0.4348515538486714
frame_275.png,-0.4888395369052887,0.32900142669677734,0.13308879733085632,0.11047767174989112,0.882012259520198,-0.14366807334997175,0.43498108326765816
frame_276.png,-0.48811885714530945,0.33004820346832275,0.13285884261131287,0.11020059147889577,0.8818627990081892,-0.14429879419892083,0.4351455978817675
frame_277.png,-0.48748883605003357,0.33034956455230713,0.13263747096061707,0.11040893972302909,0.8818125575815917,-0.14452792046066562,0.43511855801374877
frame_278.png,-0.4869873523712158,0.3306266963481903,0.13224661350250244,0.1105525577728578,0.8818429879065155,-0.14429756318038567,0.43509687416734055
frame_279.png,-0.48684000968933105,0.3310525119304657,0.1323135793209076,0.11028415106718047,0.8818969202299153,-0.14389417624535647,0.435189262453765
frame_280.png,-0.4867759346961975,0.33104291558265686,0.13229769468307495,0.11041697767019647,0.8818918747144872,-0.14405959817401603,0.4351110714848425
frame_281.png,-0.4870619475841522,0.3309812843799591,0.1326296031475067,0.11029589793901018,0.881855217048541,-0.1441406752629545,0.4351892195319612
frame_282.png,-0.48727041482925415,0.3304809629917145,0.13265082240104675,0.11051017511761711,0.881837334117055,-0.14450580501208365,0.43504998525526795
frame_283.png,-0.4873250126838684,0.32998567819595337,0.13307636976242065,0.110733351500182,0.8817571973820669,-0.14491462298500446,0.43501967975664485
frame_284.png,-0.48780766129493713,0.3297167122364044,0.13325807452201843,0.11068236905263233,0.8816383876485103,-0.14518930134618496,0.43518183944190336
frame_285.png,-0.48770374059677124,0.3298057019710541,0.13330823183059692,0.11062313807523852,0.88165265715596,-0.1452173322021958,0.4351586376027704
frame_286.png,-0.48781535029411316,0.32979196310043335,0.1333819329738617,0.11065548939353007,0.8815826400938648,-0.14541939022368375,0.43522478364539596
frame_287.png,-0.4880334138870239,0.32981181144714355,0.13365772366523743,0.11059140346597363,0.8814552626263732,-0.14563907011720523,0.4354255650775385
frame_288.png,-0.4883609712123871,0.3305581212043762,0.13379737734794617,0.11006345885003739,0.8813429755021293,-0.14549472879205255,0.43583469165814054
frame_289.png,-0.48856186866760254,0.33096975088119507,0.13447007536888123,0.10972699089592147,0.8810050173362031,-0.1460574567283056,0.43641421405749614
frame_290.png,-0.4889368414878845,0.3296701908111572,0.13561809062957764,0.11023396544773542,0.8803004602969582,-0.14833266873407247,0.4369404900542625
frame_291.png,-0.48931464552879333,0.3275080621242523,0.1363726556301117,0.11193971485953248,0.8793218167117387,-0.1511978924612824,0.43749496020777257
frame_292.png,-0.4912683367729187,0.32574543356895447,0.13669168949127197,0.11303246738653383,0.8780776048557647,-0.15404784395709142,0.43871704199796857
frame_293.png,-0.4935654103755951,0.32581859827041626,0.1368442177772522,0.11286181181803567,0.8769233528898598,-0.15658324401822304,0.44016966306446703
frame_294.png,-0.49570542573928833,0.3259953260421753,0.1366139054298401,0.1134672100492336,0.8755531018529303,-0.1596486929356652,0.44163814704267657
frame_295.png,-0.4969499409198761,0.32657432556152344,0.13621416687965393,0.11336493844591171,0.8745826974983887,-0.16154951062275058,0.4428941765085046
frame_296.png,-0.49644583463668823,0.32627055048942566,0.1353079080581665,0.11528562908027133,0.873561907777415,-0.16444452890252526,0.44334728365230275
frame_297.png,-0.496263325214386,0.32591089606285095,0.1355641484260559,0.11660185410144193,0.872905085220967,-0.16658883137662553,0.44349620187331124
frame_298.png,-0.4957495927810669,0.32318559288978577,0.13599678874015808,0.11902396032811782,0.8720351152049189,-0.16948995190024835,0.4434650052960276
frame_299.png,-0.49480026960372925,0.3224017322063446,0.13493070006370544,0.12033264819757923,0.871804053880066,-0.1706845532831358,0.4431078070702174
frame_300.png,-0.4942696988582611,0.3215581178665161,0.13378483057022095,0.12163809921899017,0.8716200478531185,-0.17160287486519382,0.44275853276579424
frame_301.png,-0.49272584915161133,0.32143309712409973,0.13258984684944153,0.12272279623650464,0.8716011411431586,-0.17230637551789646,0.442222883846735
frame_302.png,-0.49152839183807373,0.32153719663619995,0.13169023394584656,0.12350915737671052,0.8716050053367117,-0.17297275137847345,0.4417359278988371
frame_303.png,-0.49063873291015625,0.3209926187992096,0.1307247281074524,0.1248246538416837,0.8711522796432322,-0.17463780533533022,0.44160406294933807
frame_304.png,-0.49076899886131287,0.32095396518707275,0.13048705458641052,0.12460121483792606,0.8712402672966,-0.17450468438879807,0.4415462025974495
frame_305.png,-0.49026966094970703,0.32101503014564514,0.13040637969970703,0.12493865055973656,0.8712020561030246,-0.17493343019038585,0.4413565520528722
frame_306.png,-0.4897557199001312,0.3206314444541931,0.13013425469398499,0.12559125238543772,0.8711394104021942,-0.1751268548598322,0.44121825628058275
frame_307.png,-0.48993250727653503,0.32070890069007874,0.13020768761634827,0.12545991667509637,0.8711030560947599,-0.17503011080593384,0.4413657613380425
frame_308.png,-0.48996636271476746,0.3211463987827301,0.13023439049720764,0.12487837368414398,0.8713008004384709,-0.17467225218900212,0.4412821220676232
frame_309.png,-0.4898723065853119,0.3211818337440491,0.13028138875961304,0.12492031966636875,0.871286888531128,-0.17482509657117412,0.4412371892951425
frame_310.png,-0.4902130663394928,0.32115650177001953,0.13040170073509216,0.12455233736168084,0.8713923231047425,-0.17449534677758782,0.4412635362737686
frame_311.png,-0.4902462959289551,0.3210811913013458,0.1305374801158905,0.12455421991621181,0.87139827416584,-0.17466893787108495,0.4411825656401739
frame_312.png,-0.4900817573070526,0.3214627504348755,0.13045799732208252,0.12441031860489461,0.8714536284659656,-0.1744564338253015,0.4411979133621209
frame_313.png,-0.49025869369506836,0.32164284586906433,0.13066646456718445,0.1240193530014703,0.8715360213909873,-0.17426630756580674,0.4412203729956775
frame_314.png,-0.4903150498867035,0.3213345408439636,0.13087159395217896,0.12417362828934671,0.8714692351833725,-0.17444226105924032,0.4412393678298737
frame_315.png,-0.49024972319602966,0.3213890790939331,0.13081765174865723,0.12421868242706956,0.8714757815408952,-0.1744794402226734,0.4411990549211899
frame_316.png,-0.49050164222717285,0.32138413190841675,0.13085651397705078,0.12407845372164822,0.8714200696310315,-0.1744725175716414,0.4413512662024505
frame_317.png,-0.4904661774635315,0.32141047716140747,0.13074743747711182,0.12416140362572141,0.8714836158351195,-0.17436961063503437,0.4412431212694689
frame_318.png,-0.490383118391037,0.32131311297416687,0.1309325098991394,0.12408645273417876,0.8714708300616563,-0.1745573248441521,0.44121523652606237
frame_319.png,-0.4905603528022766,0.321164071559906,0.13119164109230042,0.12400171318347136,0.8715038011770622,-0.17448048592278628,0.44120432873402804
frame_320.png,-0.4904855787754059,0.3214678466320038,0.13093885779380798,0.12394085247391594,0.8715457491379667,-0.1742243425135944,0.4412397882368328
frame_321.png,-0.4905717372894287,0.3214298486709595,0.13108539581298828,0.12397239516911406,0.8714724045870862,-0.17445554867179863,0.4412844375421103
frame_322.png,-0.49053269624710083,0.3211836814880371,0.13104060292243958,0.12412452638836614,0.8713926246170989,-0.17455809828553356,0.4413586591817653
frame_323.png,-0.49076682329177856,0.3216899633407593,0.13121092319488525,0.12353510123156956,0.871614652523998,-0.1741142003106344,0.4412609449286942
frame_324.png,-0.49020302295684814,0.3214726746082306,0.13104170560836792,0.12413756156352568,0.8714323197048954,-0.1746051493235249,0.44125799688222794
frame_325.png,-0.49087148904800415,0.3214606046676636,0.1313771903514862,0.1236990935319147,0.8714496411971553,-0.1745391530457005,0.44137301817263513
frame_326.png,-0.49080950021743774,0.3215245306491852,0.13125351071357727,0.12372477766742242,0.8714672514643246,-0.17441918097491874,0.4413784751484844
frame_327.png,-0.4907520115375519,0.32144513726234436,0.13128533959388733,0.12381622177316783,0.8715033360716309,-0.17444426229871252,0.44127165985693384
frame_328.png,-0.49084416031837463,0.32146552205085754,0.1313331127166748,0.12370082408104431,0.8715035061031836,-0.17437412077225334,0.4413314071946757
frame_329.png,-0.4910484254360199,0.32136771082878113,0.13143455982208252,0.12362584728489362,0.8714737555298934,-0.17440005189527852,0.4414009121021839
frame_330.png,-0.49093201756477356,0.32160115242004395,0.13147273659706116,0.12334410986314082,0.8716293077952144,-0.17405200033722262,0.44130996083605045
frame_331.png,-0.49062564969062805,0.3214011490345001,0.1311820149421692,0.12380368877853325,0.8714794361300587,-0.17435713450617096,0.44135680429110885
frame_332.png,-0.4911104142665863,0.3211783170700073,0.1314123570919037,0.12372169378684263,0.8714807190607776,-0.1743820220325763,0.4413674310409128
frame_333.png,-0.49078434705734253,0.32156869769096375,0.1313122808933258,0.12359783998314103,0.8715313229863627,-0.1742409452215626,0.44135792732592777
frame_334.png,-0.490989625453949,0.3214712142944336,0.13152959942817688,0.12354351220278922,0.8715563465738182,-0.1742414286302521,0.4413235319902923
frame_335.png,-0.49112677574157715,0.3211415112018585,0.13180622458457947,0.12360309897708324,0.8715116591711383,-0.17431009704977907,0.4413679779033904
frame_336.png,-0.4910293519496918,0.3215356767177582,0.13157939910888672,0.12331580681888668,0.8716190488675406,-0.17405429344564516,0.4413372274950167
frame_337.png,-0.491344690322876,0.32125553488731384,0.13173145055770874,0.12348236212334597,0.871528798936594,-0.1741749944740597,0.441421261572818
frame_338.png,-0.4916214942932129,0.3218376338481903,0.13209351897239685,0.12292052998340683,0.8715872374251408,-0.1738125486735817,0.44160551263520675
frame_339.png,-0.49181249737739563,0.3221358358860016,0.13221314549446106,0.12253563688678334,0.8717732400053515,-0.17301526157590447,0.44165841434885356
frame_340.png,-0.49216228723526,0.3225317895412445,0.13264736533164978,0.12178821970908307,0.8721468583086264,-0.17151647662643638,0.4417121068389883
frame_341.png,-0.49269065260887146,0.3235517144203186,0.13279351592063904,0.12043529484813686,0.8729255982918339,-0.16885602869276262,0.4415697919647528
frame_342.png,-0.4933180809020996,0.32381993532180786,0.1326357126235962,0.1193847023380496,0.8733610619170599,-0.16695193821223472,0.44171800812502465
frame_343.png,-0.4936066269874573,0.322424054145813,0.13313913345336914,0.11868828943205356,0.8740544881793617,-0.1645344537155215,0.4414411117983258
frame_344.png,-0.49244973063468933,0.32161492109298706,0.13236230611801147,0.11870103003140146,0.8750653170780723,-0.1618822463363256,0.4404144577981543
frame_345.png,-0.49095281958580017,0.32038813829421997,0.1323193907737732,0.11868169982031622,0.8762279289353637,-0.1590585729191695,0.43913510570474845
frame_346.png,-0.4890652000904083,0.32181277871131897,0.1316453516483307,0.11763166693304024,0.8776398640107472,-0.1552624209593336,0.437955066955045
frame_347.png,-0.4863409698009491,0.3246978223323822,0.12990465760231018,0.11646917379982479,0.8791769239416698,-0.15184425108717026,0.4363784955455827
frame_348.png,-0.4854893088340759,0.32570844888687134,0.1283334195613861,0.11610495580001709,0.8797229577599777,-0.15026514921446174,0.4359214857749823
frame_349.png,-0.4845502972602844,0.3263336718082428,0.12764298915863037,0.11580059404913709,0.8800421416565047,-0.1493841131057849,0.43566092099027787
frame_350.png,-0.48398149013519287,0.32717323303222656,0.12773337960243225,0.11522112094630194,0.880163111215819,-0.14914808022589082,0.4356510542942581
frame_351.png,-0.4826511740684509,0.3278671205043793,0.12736627459526062,0.11520589211404221,0.8804952129561052,-0.14849013362003177,0.4352085277210176
frame_352.png,-0.4818432033061981,0.3290923237800598,0.12665998935699463,0.11494462539056012,0.8808695943449028,-0.14706598876092358,0.4350035468846685
frame_353.png,-0.48174822330474854,0.3307011127471924,0.12640121579170227,0.11395379417855152,0.8814134606777241,-0.14490726419917754,0.4348870300557838
frame_354.png,-0.4811401665210724,0.333261638879776,0.12631270289421082,0.11265093545948617,0.882161844460343,-0.14180624993252144,0.43473122086929034
frame_355.png,-0.47941431403160095,0.33659037947654724,0.12552019953727722,0.11119519495756135,0.8831826177786839,-0.13802605900572926,0.43424981209816127
frame_356.png,-0.4783865809440613,0.3393052816390991,0.1244836077094078,0.10995745760824,0.8841205668766251,-0.13508533258613242,0.43358059650102104
frame_357.png,-0.4775860905647278,0.3412483334541321,0.12445687502622604,0.1083679360740965,0.8850630764306107,-0.13273511604785823,0.43278300583316026
frame_358.png,-0.4761980175971985,0.34132200479507446,0.12402770668268204,0.10869978301314952,0.8858443432340418,-0.13181129016957172,0.4313814327448227
frame_359.png,-0.47587940096855164,0.33952370285987854,0.12443361431360245,0.1092631815187626,0.8864306294967581,-0.13229965963286694,0.4298826541225019
frame_360.png,-0.476569801568985,0.3383685350418091,0.12544319033622742,0.10900093264752016,0.8869347586886804,-0.1320659054601162,0.42898033419589604
frame_361.png,-0.47797995805740356,0.33599016070365906,0.12742289900779724,0.1088503642286002,0.8870563231420694,-0.13220622318204958,0.42872391154787676
frame_362.png,-0.4798629581928253,0.33287638425827026,0.12940040230751038,0.10920419269642567,0.8870290377990194,-0.13248480764228887,0.42860437018636827
frame_363.png,-0.4827801287174225,0.32947903871536255,0.13196998834609985,0.10916053328117292,0.8868394400370865,-0.13277549687631607,0.4289177695056762
frame_364.png,-0.4859108626842499,0.3262942135334015,0.1342775821685791,0.10887738209144995,0.8866897985505118,-0.1323380570674374,0.42943399430760126
frame_365.png,-0.48855024576187134,0.3239099979400635,0.1358586847782135,0.10814414636403506,0.8867288184746842,-0.13141836968794735,0.4298209606362242
frame_366.png,-0.4903508722782135,0.3219573497772217,0.13626471161842346,0.10813250894466836,0.8867895418299935,-0.13065593319986069,0.4299310364813817
frame_367.png,-0.4914063811302185,0.3205465078353882,0.13641557097434998,0.10852238103781953,0.8867555422253364,-0.13065006720555727,0.42990471163470095
frame_368.png,-0.49261903762817383,0.31886324286460876,0.1366051435470581,0.10948258783611788,0.8865079388803857,-0.13136941111562905,0.4299526893576662
